id,name
10025304,Maya Xavier Verma
10106338,Suresh Manoj Krishnan
10308219,Ananya Anita Thomas
11398413,Ishaan Anil Johnson
12119646,Daniel Naveen Subramanian
12393518,Yash Varun Davis
14080749,Jasmine Qadir Pereira
14508238,Olivia Kumar Subramanian
15207374,Jasmine Dev Patel
16929606,Arjun Irene Fernandes
16945376,Priya Varun Yadav
17218582,Neha Waseem Iyer
18099682,Zara Bala Wilson
18154036,Daniel Dev Zhang
18235043,Bhavya Xavier Gupta
18503546,Aarav Anita Johnson
18543090,Rahul Ramesh Reddy
18928230,Daniel Varun Das
19315766,Zara Bhaskar Verma
19942757,Riya Pavan Subramanian
20318009,Divya Sita Subramanian
20807650,Arjun Irene Pereira
20995020,Riya Yogesh Banerjee
21180978,Lara Waseem Zhang
21185864,Lara Hari Varma
21641644,Jasmine Tara Chakraborty
21657560,Nikhil Anita Davis
23002441,Tanvi Anita Das
23194928,Rahul Xavier Shah
23435440,Charan Yogesh Williams
23677933,Akash Qadir Shah
24301541,Harini Qadir Varma
24435668,Rohan Hari Zhang
24518095,Tanvi Elena Chakraborty
25188892,Neha Jay Krishnan
25690294,Akash Elena Wilson
25840126,Uma Tara Singh
25882253,Raj Hari Murthy
26333045,Aarav Ramesh Thomas
26882183,Akash Om Zhang
27649655,Akash Sita Kapoor
28102253,Jasmine Chandra Wilson
28755767,Raj Zubair Williams
28891556,Arjun Naveen Adams
30345534,Uma Anil Nair
30460071,Amar Zubair Iyer
30470003,Yash Faiz Kumar
30476392,Riya Qadir Iyer
32059504,Alisha Manoj Varma
33296324,Akash Qadir Shah
33521156,Amit Ramesh Davis
34115113,Priya Xavier Shah
35815741,Aarav Kumar Banerjee
36044427,Karthik Esha Subramanian
36134201,Alisha Irene Patel
36402702,Akash Chandra Banerjee
37845975,Priya Varun Kapoor
38651905,Edward Manoj Singh
38662439,Karthik Hari Roy
39472488,Neha Jay Yadav
39608875,Amar Ramesh Verma
39676227,Alisha Waseem Gupta
39761423,Lara Jay Thomas
40394506,Karthik Om Krishnan
40513944,Daniel Xavier Thomas
40871628,Amit Irene Kapoor
41258350,Akash Esha Thomas
43765634,Bhavya Dev Verma
43812990,Charan Zubair Murthy
44493853,Sam Anita Shah
45181278,Tanvi Irene Williams
45260132,Divya Waseem Adams
46392079,Suresh Naveen Kumar
46436081,Amar Kumar Iyer
46562601,Maya Faiz Verma
46759906,Aisha Waseem Varma
47091296,Amar Zubair Kumar
47434269,Sanjana Bala Subramanian
47436565,Aarav Usha Williams
48690647,Akash Faiz Krishnan
48884305,Sam Xavier Iyer
48940081,Sara Gopal Yadav
49282556,Sara Naveen Murthy
49429809,Charan Lakshmi Roy
49719997,Ananya Xavier Thomas
50276840,Yash Tara Thomas
50553066,Amar Faiz Fernandes
50728010,Karthik Gopal Murthy
51545919,Karthik Ramesh Varma
51563381,Olivia Waseem Das
51717645,Edward Esha Das
51738150,Zara Faiz Gupta
52650367,Priya Pavan Davis
53192426,Vishal Om Yadav
53622395,Akash Anil Shah
53872025,Riya Bala Subramanian
54832356,Neha Ramesh Krishnan
55268155,Jasmine Jay Thomas
55417847,Charan Pavan Verma
55447395,Sam Gopal Iyer
55553917,Zara Jay Das
55723092,Zara Om Johnson
55728415,Akash Ramesh Roy
55894899,Divya Yogesh Varma
57001038,Daniel Dev Yadav
57312044,Vikram Qadir Chakraborty
57325442,Bhavya Esha Fernandes
57511762,Vikram Esha Yadav
57724558,Charan Anita Subramanian
58520504,Farah Ramesh Banerjee
59008995,Riya Faiz Murthy
59491039,Rohan Xavier Nair
59638992,Uma Bhaskar Patel
59990044,Yash Bala Yadav
59995031,Alisha Jay Banerjee
60787623,Vikram Bala Roy
61024979,Raj Sita Nair
61720522,Rohan Lakshmi Murthy
61912820,Vikram Anita Davis
62052997,Bhavya Xavier Verma
62175664,Pranav Varun Gupta
62822345,Tanvi Kumar Singh
63166320,Rahul Qadir Banerjee
63177200,Suresh Bhaskar Thomas
63586586,Arjun Hari Varma
63590161,Zara Ramesh Varma
63604560,Bhavya Ramesh Nair
63814370,Uma Manoj Pereira
65076607,Pranav Anita Pereira
65463350,Aisha Qadir Roy
66213873,Daniel Dev Gupta
66360272,Pranav Dev Roy
69853457,Aisha Qadir Nair
69855967,Tanvi Esha Wilson
70264448,Nikhil Zubair Krishnan
70832027,Riya Tara Williams
72067820,Farah Jay Johnson
72137696,Riya Manoj Gupta
72998910,Tanvi Bhaskar Adams
73891302,Aarav Om Nair
73967035,Arjun Deepak Reddy
74249538,Alisha Kumar Nair
74598875,Sara Sita Subramanian
75250928,Zara Faiz Patel
75328627,Farah Zubair Shah
75642090,Vishal Faiz Thomas
75816334,Zara Usha Yadav
76957978,Ishaan Bhaskar Srinivasan
77017992,Alisha Kumar Pereira
77673123,Pranav Waseem Singh
77818014,Aisha Varun Iyer
78078482,Farah Bhaskar Das
78280544,Uma Waseem Reddy
78656789,Sanjana Om Davis
79093635,Yash Pavan Thomas
80082038,Edward Irene Gupta
80541004,Maya Hari Krishnan
80571958,Suresh Anita Kapoor
80587919,Farah Hari Kumar
80875986,Divya Bala Kapoor
81336575,Neha Jay Kumar
81476544,Charan Naveen Kapoor
81641463,Vishal Anita Williams
82561071,Priya Faiz Patel
82681550,Jasmine Tara Pereira
83157322,Alisha Manoj Patel
83542259,Sam Waseem Thomas
83560839,Vishal Jay Davis
84066500,Karthik Sita Verma
84168041,Alisha Anita Kapoor
84963889,Rohan Waseem Iyer
85210848,Maya Anil Varma
85926930,Aarav Bhaskar Subramanian
86000373,Sanjana Zubair Nair
86050249,Ishaan Yogesh Iyer
86098108,Sara Qadir Davis
86242731,Zara Bala Subramanian
87548431,Sam Irene Thomas
87754993,Bhavya Yogesh Gupta
88020964,Ishaan Bala Johnson
88605121,Alisha Varun Johnson
89619505,Vishal Anil Wilson
89807034,Raj Waseem Roy
91058550,Rahul Naveen Gupta
92186081,Aarav Zubair Verma
92806779,Alisha Tara Varma
92931148,George Kumar Verma
93311598,Rahul Deepak Kumar
93546423,Aarav Dev Gupta
94350441,Harini Waseem Singh
94410126,Ananya Tara Kumar
94630205,Lara Ramesh Krishnan
95289414,Amar Anil Kapoor
97169614,Suresh Tara Das
97887932,Zara Ramesh Gupta
97925686,Jasmine Anita Subramanian
98412863,Alisha Yogesh Subramanian
98754042,Vikram Kumar Jain
98788917,Raj Naveen Nair
99239791,Priya Bala Banerjee
